row_id,iv_predicted
11640,25.334314
11641,27.862984
11642,23.874016
11643,25.723055
11644,23.1804
11645,24.756262
11646,22.705652
11647,23.890377
11648,21.891403
11649,22.690992
11650,21.431234
11651,21.921497
11652,20.931007
11653,21.120739
11654,20.429255
11655,20.41148
11656,20.14468
11657,20.050407
11658,19.794807
11659,19.570621
11660,19.419418
11661,19.020597
11662,19.091387
11663,18.491642
11664,18.981464
11665,18.264048
11666,18.978588
11667,18.129986
11668,18.952106
11669,17.786938
11670,24.30189
11671,25.953823
11672,22.624718
11673,23.838852
11674,22.0897
11675,22.871016
11676,21.5707
11677,22.001968
11678,20.900362
11679,21.252758
11680,20.552233
11681,20.788275
11682,20.088535
11683,20.126446
11684,19.877806
11685,19.75225
11686,19.45277
11687,19.228369
11688,19.054287
11689,18.7499
11690,18.95726
11691,18.493443
11692,18.75057
11693,18.111673
11694,18.638374
11695,17.974394
11696,18.6028
11697,17.816864
11698,18.54698
11699,17.776243
11700,22.656755
11701,23.94286
11702,21.517479
11703,22.26853
11704,21.129532
11705,21.628487
11706,20.587744
11707,20.949856
11708,19.97052
11709,20.307127
11710,19.702888
11711,19.901478
11712,19.39531
11713,19.38943
11714,19.275545
11715,19.146273
11716,18.937199
11717,18.702042
11718,18.766132
11719,18.463943
11720,18.668774
11721,18.219131
11722,18.517233
11723,17.918161
11724,18.432224
11725,17.849417
11726,18.406166
11727,17.70397
11728,18.399446
11729,17.685211
11730,20.95553
11731,21.639011
11732,19.651955
11733,20.174795
11734,19.314625
11735,19.632004
11736,18.980804
11737,19.185474
11738,18.816954
11739,19.015862
11740,18.708807
11741,18.824064
11742,18.587217
11743,18.556303
11744,18.433594
11745,18.30813
11746,18.275879
11747,18.116714
11748,18.26897
11749,18.048605
11750,18.298962
11751,17.962795
11752,18.299
11753,17.871675
11754,18.264969
11755,17.831163
11756,18.254372
11757,17.772991
11758,18.396523
11759,17.844341
11760,25.350388
11761,28.042152
11762,23.852121
11763,25.73169
11764,23.158506
11765,24.764896
11766,22.69543
11767,23.890377
11768,21.882536
11769,22.690992
11770,21.42111
11771,21.911373
11772,20.920883
11773,21.110615
11774,20.41913
11775,20.412539
11776,20.138838
11777,20.055748
11778,19.682693
11779,19.46969
11780,19.307304
11781,18.919666
11782,18.96838
11783,18.39071
11784,18.868582
11785,18.17324
11786,18.865705
11787,18.039179
11788,18.762918
11789,17.69613
11790,24.289461
11791,25.953823
11792,22.624718
11793,23.838852
11794,22.0897
11795,22.871016
11796,21.5707
11797,22.001968
11798,20.860565
11799,21.212961
11800,20.512436
11801,20.748478
11802,20.048738
11803,20.086649
11804,19.827116
11805,19.723637
11806,19.406363
11807,19.204037
11808,18.941404
11809,18.659094
11810,18.844378
11811,18.402636
11812,18.637688
11813,18.020866
11814,18.525492
11815,17.883587
11816,18.489918
11817,17.726057
11818,18.434097
11819,17.685436
11820,22.666222
11821,23.94286
11822,21.517479
11823,22.26853
11824,21.129532
11825,21.628487
11826,20.587744
11827,20.949856
11828,19.930723
11829,20.26733
11830,19.663092
11831,19.861681
11832,19.355513
11833,19.349632
11834,19.224855
11835,19.117659
11836,18.89079
11837,18.67771
11838,18.65325
11839,18.373137
11840,18.555891
11841,18.128325
11842,18.352926
11843,17.77593
11844,18.267918
11845,17.707186
11846,18.24186
11847,17.561739
11848,18.23514
11849,17.54298
11850,20.819138
11851,21.570902
11852,19.651955
11853,20.181196
11854,19.314625
11855,19.638405
11856,18.980804
11857,19.191875
11858,18.777157
11859,18.982466
11860,18.66901
11861,18.790668
11862,18.495996
11863,18.471483
11864,18.342373
11865,18.234493
11866,18.18894
11867,18.040958
11868,18.115557
11869,17.906374
11870,18.145548
11871,17.820564
11872,18.145586
11873,17.729445
11874,18.111555
11875,17.688932
11876,18.100958
11877,17.63076
11878,18.243109
11879,17.70211
11880,25.297901
11881,28.042152
11882,23.773102
11883,25.719423
11884,23.119461
11885,24.75263
11886,22.69543
11887,23.87811
11888,21.828342
11889,22.636799
11890,21.366917
11891,21.85718
11892,20.86669
11893,21.056421
11894,20.41913
11895,20.412539
11896,20.138838
11897,20.055748
11898,19.682693
11899,19.46969
11900,19.286932
11901,18.919666
11902,18.948008
11903,18.369537
11904,18.84821
11905,18.152067
11906,18.845333
11907,18.018005
11908,18.742546
11909,17.674957
11910,24.218067
11911,25.953823
11912,22.624718
11913,23.838852
11914,22.0897
11915,22.871016
11916,21.5707
11917,22.001968
11918,20.860565
11919,21.212961
11920,20.512436
11921,20.748478
11922,20.048738
11923,20.086649
11924,19.827116
11925,19.723637
11926,19.406363
11927,19.204037
11928,18.941404
11929,18.659094
11930,18.844378
11931,18.402636
11932,18.637688
11933,17.999693
11934,18.525492
11935,17.862413
11936,18.489918
11937,17.704884
11938,18.434097
11939,17.664263
11940,22.666222
11941,23.94286
11942,21.5686
11943,22.26853
11944,21.159296
11945,21.628487
11946,20.60135
11947,20.949856
11948,19.968758
11949,20.26733
11950,19.658209
11951,19.861681
11952,19.35063
11953,19.349632
11954,19.219973
11955,19.117659
11956,18.89079
11957,18.67771
11958,18.65325
11959,18.373137
11960,18.555891
11961,18.128325
11962,18.372442
11963,17.774273
11964,18.287434
11965,17.705528
11966,18.261375
11967,17.560081
11968,18.254656
11969,17.541323
11970,20.7793
11971,21.570902
11972,19.615854
11973,20.181196
11974,19.278524
11975,19.638405
11976,18.994411
11977,19.191875
11978,18.815191
11979,18.982466
11980,18.664127
11981,18.790668
11982,18.51063
11983,18.491
11984,18.357006
11985,18.25401
11986,18.208456
11987,18.060474
11988,18.135073
11989,17.92589
11990,18.165064
11991,17.84008
11992,18.165102
11993,17.727787
11994,18.131071
11995,17.687275
11996,18.120474
11997,17.629103
11998,18.262625
11999,17.700453
12000,25.403238
12001,28.129086
12002,23.834202
12003,25.771067
12004,23.17416
12005,24.789167
12006,22.789818
12007,23.959616
12008,21.92273
12009,22.718304
12010,21.461304
12011,21.938684
12012,20.961077
12013,21.137926
12014,20.513517
12015,20.494043
12016,20.233225
12017,20.137253
12018,19.77708
12019,19.551195
12020,19.381319
12021,19.001171
12022,18.992975
12023,18.414505
12024,18.84821
12025,18.152067
12026,18.845333
12027,18.018005
12028,18.742546
12029,17.674957
12030,24.199465
12031,25.96893
12032,22.624718
12033,23.853958
12034,22.0897
12035,22.871016
12036,21.5707
12037,22.001968
12038,20.860565
12039,21.212961
12040,20.512436
12041,20.748478
12042,20.048738
12043,20.086649
12044,19.827116
12045,19.723637
12046,19.406363
12047,19.204037
12048,18.941404
12049,18.659094
12050,18.844378
12051,18.402636
12052,18.637688
12053,17.999693
12054,18.525492
12055,17.862413
12056,18.489918
12057,17.704884
12058,18.434097
12059,17.664263
12060,22.64762
12061,23.957966
12062,21.5686
12063,22.283636
12064,21.159296
12065,21.628487
12066,20.60135
12067,20.949856
12068,19.968758
12069,20.26733
12070,19.658209
12071,19.861681
12072,19.35063
12073,19.349632
12074,19.219973
12075,19.117659
12076,18.89079
12077,18.67771
12078,18.65325
12079,18.373137
12080,18.555891
12081,18.128325
12082,18.372442
12083,17.774273
12084,18.287434
12085,17.705528
12086,18.261375
12087,17.560081
12088,18.254656
12089,17.541323
12090,20.7974
12091,21.62271
12092,19.652555
12093,20.233004
12094,19.315226
12095,19.675106
12096,19.031113
12097,19.228577
12098,18.851892
12099,19.019167
12100,18.700829
12101,18.82737
12102,18.557455
12103,18.537825
12104,18.403831
12105,18.300835
12106,18.255281
12107,18.1073
12108,18.181898
12109,17.972715
12110,18.165064
12111,17.84008
12112,18.165102
12113,17.727787
12114,18.131071
12115,17.687275
12116,18.120474
12117,17.629103
12118,18.262625
12119,17.700453
12120,25.403238
12121,28.0565
12122,23.788473
12123,25.725338
12124,23.128431
12125,24.743439
12126,22.74409
12127,23.890656
12128,21.877
12129,22.649343
12130,21.420885
12131,21.898266
12132,20.920658
12133,21.097507
12134,20.473099
12135,20.453625
12136,20.192806
12137,20.096834
12138,19.736662
12139,19.510777
12140,19.3409
12141,18.960752
12142,18.998285
12143,18.419815
12144,18.84821
12145,18.152067
12146,18.845333
12147,18.018005
12148,18.742546
12149,17.674957
12150,24.199465
12151,25.998905
12152,22.590464
12153,23.853958
12154,22.0897
12155,22.871016
12156,21.5707
12157,22.001968
12158,20.860565
12159,21.212961
12160,20.512436
12161,20.748478
12162,20.048738
12163,20.086649
12164,19.827116
12165,19.723637
12166,19.365505
12167,19.16318
12168,18.900547
12169,18.618237
12170,18.80352
12171,18.361778
12172,18.59683
12173,17.958836
12174,18.484634
12175,17.821556
12176,18.44906
12177,17.664026
12178,18.39324
12179,17.623405
12180,22.51875
12181,23.955818
12182,21.534346
12183,22.283636
12184,21.159296
12185,21.628487
12186,20.60135
12187,20.949856
12188,19.9279
12189,20.226473
12190,19.617352
12191,19.820824
12192,19.309772
12193,19.308775
12194,19.179115
12195,19.076801
12196,18.849934
12197,18.636852
12198,18.612392
12199,18.33228
12200,18.515034
12201,18.087467
12202,18.331585
12203,17.733416
12204,18.246576
12205,17.66467
12206,18.220518
12207,17.519224
12208,18.213799
12209,17.500465
12210,20.66853
12211,21.686253
12212,19.618301
12213,20.233004
12214,19.315226
12215,19.675106
12216,19.031113
12217,19.228577
12218,18.811035
12219,18.97831
12220,18.659971
12221,18.786512
12222,18.516598
12223,18.496967
12224,18.362974
12225,18.259977
12226,18.214424
12227,18.066442
12228,18.14104
12229,17.931858
12230,18.124207
12231,17.799223
12232,18.124245
12233,17.68693
12234,18.090214
12235,17.646418
12236,18.079617
12237,17.588245
12238,18.221767
12239,17.659595
12240,25.334314
12241,27.862984
12242,23.874016
12243,25.723055
12244,23.1804
12245,24.756262
12246,22.705652
12247,23.890377
12248,21.891403
12249,22.690992
12250,21.431234
12251,21.921497
12252,20.931007
12253,21.120739
12254,20.429255
12255,20.41148
12256,20.14468
12257,20.050407
12258,19.794807
12259,19.570621
12260,19.419418
12261,19.020597
12262,19.091387
12263,18.491642
12264,18.981464
12265,18.264048
12266,18.978588
12267,18.129986
12268,18.952106
12269,17.786938
12270,24.30189
12271,25.953823
12272,22.624718
12273,23.838852
12274,22.0897
12275,22.871016
12276,21.5707
12277,22.001968
12278,20.900362
12279,21.252758
12280,20.552233
12281,20.788275
12282,20.088535
12283,20.126446
12284,19.877806
12285,19.75225
12286,19.45277
12287,19.228369
12288,19.054287
12289,18.7499
12290,18.95726
12291,18.493443
12292,18.75057
12293,18.111673
12294,18.638374
12295,17.974394
12296,18.6028
12297,17.816864
12298,18.54698
12299,17.776243
12300,22.656755
12301,23.94286
12302,21.517479
12303,22.26853
12304,21.129532
12305,21.628487
12306,20.587744
12307,20.949856
12308,19.97052
12309,20.307127
12310,19.702888
12311,19.901478
12312,19.39531
12313,19.38943
12314,19.275545
12315,19.146273
12316,18.937199
12317,18.702042
12318,18.766132
12319,18.463943
12320,18.668774
12321,18.219131
12322,18.517233
12323,17.918161
12324,18.432224
12325,17.849417
12326,18.406166
12327,17.70397
12328,18.399446
12329,17.685211
12330,20.95553
12331,21.639011
12332,19.651955
12333,20.174795
12334,19.314625
12335,19.632004
12336,18.980804
12337,19.185474
12338,18.816954
12339,19.015862
12340,18.708807
12341,18.824064
12342,18.587217
12343,18.556303
12344,18.433594
12345,18.30813
12346,18.275879
12347,18.116714
12348,18.26897
12349,18.048605
12350,18.298962
12351,17.962795
12352,18.299
12353,17.871675
12354,18.264969
12355,17.831163
12356,18.254372
12357,17.772991
12358,18.396523
12359,17.844341
12360,25.350388
12361,28.042152
12362,23.852121
12363,25.73169
12364,23.158506
12365,24.764896
12366,22.69543
12367,23.890377
12368,21.882536
12369,22.690992
12370,21.42111
12371,21.911373
12372,20.920883
12373,21.110615
12374,20.41913
12375,20.412539
12376,20.138838
12377,20.055748
12378,19.682693
12379,19.46969
12380,19.307304
12381,18.919666
12382,18.96838
12383,18.39071
12384,18.868582
12385,18.17324
12386,18.865705
12387,18.039179
12388,18.762918
12389,17.69613
12390,24.289461
12391,25.953823
12392,22.624718
12393,23.838852
12394,22.0897
12395,22.871016
12396,21.5707
12397,22.001968
12398,20.860565
12399,21.212961
12400,20.512436
12401,20.748478
12402,20.048738
12403,20.086649
12404,19.827116
12405,19.723637
12406,19.406363
12407,19.204037
12408,18.941404
12409,18.659094
12410,18.844378
12411,18.402636
12412,18.637688
12413,18.020866
12414,18.525492
12415,17.883587
12416,18.489918
12417,17.726057
12418,18.434097
12419,17.685436
12420,22.666222
12421,23.94286
12422,21.517479
12423,22.26853
12424,21.129532
12425,21.628487
12426,20.587744
12427,20.949856
12428,19.930723
12429,20.26733
12430,19.663092
12431,19.861681
12432,19.355513
12433,19.349632
12434,19.224855
12435,19.117659
12436,18.89079
12437,18.67771
12438,18.65325
12439,18.373137
12440,18.555891
12441,18.128325
12442,18.352926
12443,17.77593
12444,18.267918
12445,17.707186
12446,18.24186
12447,17.561739
12448,18.23514
12449,17.54298
12450,20.819138
12451,21.570902
12452,19.651955
12453,20.181196
12454,19.314625
12455,19.638405
12456,18.980804
12457,19.191875
12458,18.777157
12459,18.982466
12460,18.66901
12461,18.790668
12462,18.495996
12463,18.471483
12464,18.342373
12465,18.234493
12466,18.18894
12467,18.040958
12468,18.115557
12469,17.906374
12470,18.145548
12471,17.820564
12472,18.145586
12473,17.729445
12474,18.111555
12475,17.688932
12476,18.100958
12477,17.63076
12478,18.243109
12479,17.70211
12480,25.297901
12481,28.042152
12482,23.773102
12483,25.719423
12484,23.119461
12485,24.75263
12486,22.69543
12487,23.87811
12488,21.828342
12489,22.636799
12490,21.366917
12491,21.85718
12492,20.86669
12493,21.056421
12494,20.41913
12495,20.412539
12496,20.138838
12497,20.055748
12498,19.682693
12499,19.46969
12500,19.286932
12501,18.919666
12502,18.948008
12503,18.369537
12504,18.84821
12505,18.152067
12506,18.845333
12507,18.018005
12508,18.742546
12509,17.674957
12510,24.218067
12511,25.953823
12512,22.624718
12513,23.838852
12514,22.0897
12515,22.871016
12516,21.5707
12517,22.001968
12518,20.860565
12519,21.212961
12520,20.512436
12521,20.748478
12522,20.048738
12523,20.086649
12524,19.827116
12525,19.723637
12526,19.406363
12527,19.204037
12528,18.941404
12529,18.659094
12530,18.844378
12531,18.402636
12532,18.637688
12533,17.999693
12534,18.525492
12535,17.862413
12536,18.489918
12537,17.704884
12538,18.434097
12539,17.664263
12540,22.666222
12541,23.94286
12542,21.5686
12543,22.26853
12544,21.159296
12545,21.628487
12546,20.60135
12547,20.949856
12548,19.968758
12549,20.26733
12550,19.658209
12551,19.861681
12552,19.35063
12553,19.349632
12554,19.219973
12555,19.117659
12556,18.89079
12557,18.67771
12558,18.65325
12559,18.373137
12560,18.555891
12561,18.128325
12562,18.372442
12563,17.774273
12564,18.287434
12565,17.705528
12566,18.261375
12567,17.560081
12568,18.254656
12569,17.541323
12570,20.7793
12571,21.570902
12572,19.615854
12573,20.181196
12574,19.278524
12575,19.638405
12576,18.994411
12577,19.191875
12578,18.815191
12579,18.982466
12580,18.664127
12581,18.790668
12582,18.51063
12583,18.491
12584,18.357006
12585,18.25401
12586,18.208456
12587,18.060474
12588,18.135073
12589,17.92589
12590,18.165064
12591,17.84008
12592,18.165102
12593,17.727787
12594,18.131071
12595,17.687275
12596,18.120474
12597,17.629103
12598,18.262625
12599,17.700453
12600,25.403238
12601,28.129086
12602,23.834202
12603,25.771067
12604,23.17416
12605,24.789167
12606,22.789818
12607,23.959616
12608,21.92273
12609,22.718304
12610,21.461304
12611,21.938684
12612,20.961077
12613,21.137926
12614,20.513517
12615,20.494043
12616,20.233225
12617,20.137253
12618,19.77708
12619,19.551195
12620,19.381319
12621,19.001171
12622,18.992975
12623,18.414505
12624,18.84821
12625,18.152067
12626,18.845333
12627,18.018005
12628,18.742546
12629,17.674957
12630,24.199465
12631,25.96893
12632,22.624718
12633,23.853958
12634,22.0897
12635,22.871016
12636,21.5707
12637,22.001968
12638,20.860565
12639,21.212961
12640,20.512436
12641,20.748478
12642,20.048738
12643,20.086649
12644,19.827116
12645,19.723637
12646,19.406363
12647,19.204037
12648,18.941404
12649,18.659094
12650,18.844378
12651,18.402636
12652,18.637688
12653,17.999693
12654,18.525492
12655,17.862413
12656,18.489918
12657,17.704884
12658,18.434097
12659,17.664263
12660,22.64762
12661,23.957966
12662,21.5686
12663,22.283636
12664,21.159296
12665,21.628487
12666,20.60135
12667,20.949856
12668,19.968758
12669,20.26733
12670,19.658209
12671,19.861681
12672,19.35063
12673,19.349632
12674,19.219973
12675,19.117659
12676,18.89079
12677,18.67771
12678,18.65325
12679,18.373137
12680,18.555891
12681,18.128325
12682,18.372442
12683,17.774273
12684,18.287434
12685,17.705528
12686,18.261375
12687,17.560081
12688,18.254656
12689,17.541323
12690,20.7974
12691,21.62271
12692,19.652555
12693,20.233004
12694,19.315226
12695,19.675106
12696,19.031113
12697,19.228577
12698,18.851892
12699,19.019167
12700,18.700829
12701,18.82737
12702,18.557455
12703,18.537825
12704,18.403831
12705,18.300835
12706,18.255281
12707,18.1073
12708,18.181898
12709,17.972715
12710,18.165064
12711,17.84008
12712,18.165102
12713,17.727787
12714,18.131071
12715,17.687275
12716,18.120474
12717,17.629103
12718,18.262625
12719,17.700453
12720,25.403238
12721,28.0565
12722,23.788473
12723,25.725338
12724,23.128431
12725,24.743439
12726,22.74409
12727,23.890656
12728,21.877
12729,22.649343
12730,21.420885
12731,21.898266
12732,20.920658
12733,21.097507
12734,20.473099
12735,20.453625
12736,20.192806
12737,20.096834
12738,19.736662
12739,19.510777
12740,19.3409
12741,18.960752
12742,18.998285
12743,18.419815
12744,18.84821
12745,18.152067
12746,18.845333
12747,18.018005
12748,18.742546
12749,17.674957
12750,24.199465
12751,25.998905
12752,22.590464
12753,23.853958
12754,22.0897
12755,22.871016
12756,21.5707
12757,22.001968
12758,20.860565
12759,21.212961
12760,20.512436
12761,20.748478
12762,20.048738
12763,20.086649
12764,19.827116
12765,19.723637
12766,19.365505
12767,19.16318
12768,18.900547
12769,18.618237
12770,18.80352
12771,18.361778
12772,18.59683
12773,17.958836
12774,18.484634
12775,17.821556
12776,18.44906
12777,17.664026
12778,18.39324
12779,17.623405
12780,22.51875
12781,23.955818
12782,21.534346
12783,22.283636
12784,21.159296
12785,21.628487
12786,20.60135
12787,20.949856
12788,19.9279
12789,20.226473
12790,19.617352
12791,19.820824
12792,19.309772
12793,19.308775
12794,19.179115
12795,19.076801
12796,18.849934
12797,18.636852
12798,18.612392
12799,18.33228
12800,18.515034
12801,18.087467
12802,18.331585
12803,17.733416
12804,18.246576
12805,17.66467
12806,18.220518
12807,17.519224
12808,18.213799
12809,17.500465
12810,20.66853
12811,21.686253
12812,19.618301
12813,20.233004
12814,19.315226
12815,19.675106
12816,19.031113
12817,19.228577
12818,18.811035
12819,18.97831
12820,18.659971
12821,18.786512
12822,18.516598
12823,18.496967
12824,18.362974
12825,18.259977
12826,18.214424
12827,18.066442
12828,18.14104
12829,17.931858
12830,18.124207
12831,17.799223
12832,18.124245
12833,17.68693
12834,18.090214
12835,17.646418
12836,18.079617
12837,17.588245
12838,18.221767
12839,17.659595
12840,25.334314
12841,27.862984
12842,23.874016
12843,25.723055
12844,23.1804
12845,24.756262
12846,22.705652
12847,23.890377
12848,21.891403
12849,22.690992
12850,21.431234
12851,21.921497
12852,20.931007
12853,21.120739
12854,20.429255
12855,20.41148
12856,20.14468
12857,20.050407
12858,19.794807
12859,19.570621
12860,19.419418
12861,19.020597
12862,19.091387
12863,18.491642
12864,18.981464
12865,18.264048
12866,18.978588
12867,18.129986
12868,18.952106
12869,17.786938
12870,24.30189
12871,25.953823
12872,22.624718
12873,23.838852
12874,22.0897
12875,22.871016
12876,21.5707
12877,22.001968
12878,20.900362
12879,21.252758
12880,20.552233
12881,20.788275
12882,20.088535
12883,20.126446
12884,19.877806
12885,19.75225
12886,19.45277
12887,19.228369
12888,19.054287
12889,18.7499
12890,18.95726
12891,18.493443
12892,18.75057
12893,18.111673
12894,18.638374
12895,17.974394
12896,18.6028
12897,17.816864
12898,18.54698
12899,17.776243
12900,22.656755
12901,23.94286
12902,21.517479
12903,22.26853
12904,21.129532
12905,21.628487
12906,20.587744
12907,20.949856
12908,19.97052
12909,20.307127
12910,19.702888
12911,19.901478
12912,19.39531
12913,19.38943
12914,19.275545
12915,19.146273
12916,18.937199
12917,18.702042
12918,18.766132
12919,18.463943
12920,18.668774
12921,18.219131
12922,18.517233
12923,17.918161
12924,18.432224
12925,17.849417
12926,18.406166
12927,17.70397
12928,18.399446
12929,17.685211
12930,20.95553
12931,21.639011
12932,19.651955
12933,20.174795
12934,19.314625
12935,19.632004
12936,18.980804
12937,19.185474
12938,18.816954
12939,19.015862
12940,18.708807
12941,18.824064
12942,18.587217
12943,18.556303
12944,18.433594
12945,18.30813
12946,18.275879
12947,18.116714
12948,18.26897
12949,18.048605
12950,18.298962
12951,17.962795
12952,18.299
12953,17.871675
12954,18.264969
12955,17.831163
12956,18.254372
12957,17.772991
12958,18.396523
12959,17.844341
12960,25.350388
12961,28.042152
12962,23.852121
12963,25.73169
12964,23.158506
12965,24.764896
12966,22.69543
12967,23.890377
12968,21.882536
12969,22.690992
12970,21.42111
12971,21.911373
12972,20.920883
12973,21.110615
12974,20.41913
12975,20.412539
12976,20.138838
12977,20.055748
12978,19.682693
12979,19.46969
12980,19.307304
12981,18.919666
12982,18.96838
12983,18.39071
12984,18.868582
12985,18.17324
12986,18.865705
12987,18.039179
12988,18.762918
12989,17.69613
12990,24.289461
12991,25.953823
12992,22.624718
12993,23.838852
12994,22.0897
12995,22.871016
12996,21.5707
12997,22.001968
12998,20.860565
12999,21.212961
13000,20.512436
13001,20.748478
13002,20.048738
13003,20.086649
13004,19.827116
13005,19.723637
13006,19.406363
13007,19.204037
13008,18.941404
13009,18.659094
13010,18.844378
13011,18.402636
13012,18.637688
13013,18.020866
13014,18.525492
13015,17.883587
13016,18.489918
13017,17.726057
13018,18.434097
13019,17.685436
13020,22.666222
13021,23.94286
13022,21.517479
13023,22.26853
13024,21.129532
13025,21.628487
13026,20.587744
13027,20.949856
13028,19.930723
13029,20.26733
13030,19.663092
13031,19.861681
13032,19.355513
13033,19.349632
13034,19.224855
13035,19.117659
13036,18.89079
13037,18.67771
13038,18.65325
13039,18.373137
13040,18.555891
13041,18.128325
13042,18.352926
13043,17.77593
13044,18.267918
13045,17.707186
13046,18.24186
13047,17.561739
13048,18.23514
13049,17.54298
13050,20.819138
13051,21.570902
13052,19.651955
13053,20.181196
13054,19.314625
13055,19.638405
13056,18.980804
13057,19.191875
13058,18.777157
13059,18.982466
13060,18.66901
13061,18.790668
13062,18.495996
13063,18.471483
13064,18.342373
13065,18.234493
13066,18.18894
13067,18.040958
13068,18.115557
13069,17.906374
13070,18.145548
13071,17.820564
13072,18.145586
13073,17.729445
13074,18.111555
13075,17.688932
13076,18.100958
13077,17.63076
13078,18.243109
13079,17.70211
13080,25.297901
13081,28.042152
13082,23.773102
13083,25.719423
13084,23.119461
13085,24.75263
13086,22.69543
13087,23.87811
13088,21.828342
13089,22.636799
13090,21.366917
13091,21.85718
13092,20.86669
13093,21.056421
13094,20.41913
13095,20.412539
13096,20.138838
13097,20.055748
13098,19.682693
13099,19.46969
13100,19.286932
13101,18.919666
13102,18.948008
13103,18.369537
13104,18.84821
13105,18.152067
13106,18.845333
13107,18.018005
13108,18.742546
13109,17.674957
13110,24.218067
13111,25.953823
13112,22.624718
13113,23.838852
13114,22.0897
13115,22.871016
13116,21.5707
13117,22.001968
13118,20.860565
13119,21.212961
13120,20.512436
13121,20.748478
13122,20.048738
13123,20.086649
13124,19.827116
13125,19.723637
13126,19.406363
13127,19.204037
13128,18.941404
13129,18.659094
13130,18.844378
13131,18.402636
13132,18.637688
13133,17.999693
13134,18.525492
13135,17.862413
13136,18.489918
13137,17.704884
13138,18.434097
13139,17.664263
13140,22.666222
13141,23.94286
13142,21.5686
13143,22.26853
13144,21.159296
13145,21.628487
13146,20.60135
13147,20.949856
13148,19.968758
13149,20.26733
13150,19.658209
13151,19.861681
13152,19.35063
13153,19.349632
13154,19.219973
13155,19.117659
13156,18.89079
13157,18.67771
13158,18.65325
13159,18.373137
13160,18.555891
13161,18.128325
13162,18.372442
13163,17.774273
13164,18.287434
13165,17.705528
13166,18.261375
13167,17.560081
13168,18.254656
13169,17.541323
13170,20.7793
13171,21.570902
13172,19.615854
13173,20.181196
13174,19.278524
13175,19.638405
13176,18.994411
13177,19.191875
13178,18.815191
13179,18.982466
13180,18.664127
13181,18.790668
13182,18.51063
13183,18.491
13184,18.357006
13185,18.25401
13186,18.208456
13187,18.060474
13188,18.135073
13189,17.92589
13190,18.165064
13191,17.84008
13192,18.165102
13193,17.727787
13194,18.131071
13195,17.687275
13196,18.120474
13197,17.629103
13198,18.262625
13199,17.700453
13200,25.403238
13201,28.129086
13202,23.834202
13203,25.771067
13204,23.17416
13205,24.789167
13206,22.789818
13207,23.959616
13208,21.92273
13209,22.718304
13210,21.461304
13211,21.938684
13212,20.961077
13213,21.137926
13214,20.513517
13215,20.494043
13216,20.233225
13217,20.137253
13218,19.77708
13219,19.551195
13220,19.381319
13221,19.001171
13222,18.992975
13223,18.414505
13224,18.84821
13225,18.152067
13226,18.845333
13227,18.018005
13228,18.742546
13229,17.674957
13230,24.199465
13231,25.96893
13232,22.624718
13233,23.853958
13234,22.0897
13235,22.871016
13236,21.5707
13237,22.001968
13238,20.860565
13239,21.212961
13240,20.512436
13241,20.748478
13242,20.048738
13243,20.086649
13244,19.827116
13245,19.723637
13246,19.406363
13247,19.204037
13248,18.941404
13249,18.659094
13250,18.844378
13251,18.402636
13252,18.637688
13253,17.999693
13254,18.525492
13255,17.862413
13256,18.489918
13257,17.704884
13258,18.434097
13259,17.664263
13260,22.64762
13261,23.957966
13262,21.5686
13263,22.283636
13264,21.159296
13265,21.628487
13266,20.60135
13267,20.949856
13268,19.968758
13269,20.26733
13270,19.658209
13271,19.861681
13272,19.35063
13273,19.349632
13274,19.219973
13275,19.117659
13276,18.89079
13277,18.67771
13278,18.65325
13279,18.373137
13280,18.555891
13281,18.128325
13282,18.372442
13283,17.774273
13284,18.287434
13285,17.705528
13286,18.261375
13287,17.560081
13288,18.254656
13289,17.541323
13290,20.7974
13291,21.62271
13292,19.652555
13293,20.233004
13294,19.315226
13295,19.675106
13296,19.031113
13297,19.228577
13298,18.851892
13299,19.019167
13300,18.700829
13301,18.82737
13302,18.557455
13303,18.537825
13304,18.403831
13305,18.300835
13306,18.255281
13307,18.1073
13308,18.181898
13309,17.972715
13310,18.165064
13311,17.84008
13312,18.165102
13313,17.727787
13314,18.131071
13315,17.687275
13316,18.120474
13317,17.629103
13318,18.262625
13319,17.700453
13320,25.403238
13321,28.0565
13322,23.788473
13323,25.725338
13324,23.128431
13325,24.743439
13326,22.74409
13327,23.890656
13328,21.877
13329,22.649343
13330,21.420885
13331,21.898266
13332,20.920658
13333,21.097507
13334,20.473099
13335,20.453625
13336,20.192806
13337,20.096834
13338,19.736662
13339,19.510777
13340,19.3409
13341,18.960752
13342,18.998285
13343,18.419815
13344,18.84821
13345,18.152067
13346,18.845333
13347,18.018005
13348,18.742546
13349,17.674957
13350,24.199465
13351,25.998905
13352,22.590464
13353,23.853958
13354,22.0897
13355,22.871016
13356,21.5707
13357,22.001968
13358,20.860565
13359,21.212961
13360,20.512436
13361,20.748478
13362,20.048738
13363,20.086649
13364,19.827116
13365,19.723637
13366,19.365505
13367,19.16318
13368,18.900547
13369,18.618237
13370,18.80352
13371,18.361778
13372,18.59683
13373,17.958836
13374,18.484634
13375,17.821556
13376,18.44906
13377,17.664026
13378,18.39324
13379,17.623405
13380,22.51875
13381,23.955818
13382,21.534346
13383,22.283636
13384,21.159296
13385,21.628487
13386,20.60135
13387,20.949856
13388,19.9279
13389,20.226473
13390,19.617352
13391,19.820824
13392,19.309772
13393,19.308775
13394,19.179115
13395,19.076801
13396,18.849934
13397,18.636852
13398,18.612392
13399,18.33228
13400,18.515034
13401,18.087467
13402,18.331585
13403,17.733416
13404,18.246576
13405,17.66467
13406,18.220518
13407,17.519224
13408,18.213799
13409,17.500465
13410,20.66853
13411,21.686253
13412,19.618301
13413,20.233004
13414,19.315226
13415,19.675106
13416,19.031113
13417,19.228577
13418,18.811035
13419,18.97831
13420,18.659971
13421,18.786512
13422,18.516598
13423,18.496967
13424,18.362974
13425,18.259977
13426,18.214424
13427,18.066442
13428,18.14104
13429,17.931858
13430,18.124207
13431,17.799223
13432,18.124245
13433,17.68693
13434,18.090214
13435,17.646418
13436,18.079617
13437,17.588245
13438,18.221767
13439,17.659595
13440,25.334314
13441,27.862984
13442,23.874016
13443,25.723055
13444,23.1804
13445,24.756262
13446,22.705652
13447,23.890377
13448,21.891403
13449,22.690992
13450,21.431234
13451,21.921497
13452,20.931007
13453,21.120739
13454,20.429255
13455,20.41148
13456,20.14468
13457,20.050407
13458,19.794807
13459,19.570621
13460,19.419418
13461,19.020597
13462,19.091387
13463,18.491642
13464,18.981464
13465,18.264048
13466,18.978588
13467,18.129986
13468,18.952106
13469,17.786938
13470,24.30189
13471,25.953823
13472,22.624718
13473,23.838852
13474,22.0897
13475,22.871016
13476,21.5707
13477,22.001968
13478,20.900362
13479,21.252758
13480,20.552233
13481,20.788275
13482,20.088535
13483,20.126446
13484,19.877806
13485,19.75225
13486,19.45277
13487,19.228369
13488,19.054287
13489,18.7499
13490,18.95726
13491,18.493443
13492,18.75057
13493,18.111673
13494,18.638374
13495,17.974394
13496,18.6028
13497,17.816864
13498,18.54698
13499,17.776243
13500,22.656755
13501,23.94286
13502,21.517479
13503,22.26853
13504,21.129532
13505,21.628487
13506,20.587744
13507,20.949856
13508,19.97052
13509,20.307127
13510,19.702888
13511,19.901478
13512,19.39531
13513,19.38943
13514,19.275545
13515,19.146273
13516,18.937199
13517,18.702042
13518,18.766132
13519,18.463943
13520,18.668774
13521,18.219131
13522,18.517233
13523,17.918161
13524,18.432224
13525,17.849417
13526,18.406166
13527,17.70397
13528,18.399446
13529,17.685211
13530,20.95553
13531,21.639011
13532,19.651955
13533,20.174795
13534,19.314625
13535,19.632004
13536,18.980804
13537,19.185474
13538,18.816954
13539,19.015862
13540,18.708807
13541,18.824064
13542,18.587217
13543,18.556303
13544,18.433594
13545,18.30813
13546,18.275879
13547,18.116714
13548,18.26897
13549,18.048605
13550,18.298962
13551,17.962795
13552,18.299
13553,17.871675
13554,18.264969
13555,17.831163
13556,18.254372
13557,17.772991
13558,18.396523
13559,17.844341
13560,25.350388
13561,28.042152
13562,23.852121
13563,25.73169
13564,23.158506
13565,24.764896
13566,22.69543
13567,23.890377
13568,21.882536
13569,22.690992
13570,21.42111
13571,21.911373
13572,20.920883
13573,21.110615
13574,20.41913
13575,20.412539
13576,20.138838
13577,20.055748
13578,19.682693
13579,19.46969
13580,19.307304
13581,18.919666
13582,18.96838
13583,18.39071
13584,18.868582
13585,18.17324
13586,18.865705
13587,18.039179
13588,18.762918
13589,17.69613
13590,24.289461
13591,25.953823
13592,22.624718
13593,23.838852
13594,22.0897
13595,22.871016
13596,21.5707
13597,22.001968
13598,20.860565
13599,21.212961
13600,20.512436
13601,20.748478
13602,20.048738
13603,20.086649
13604,19.827116
13605,19.723637
13606,19.406363
13607,19.204037
13608,18.941404
13609,18.659094
13610,18.844378
13611,18.402636
13612,18.637688
13613,18.020866
13614,18.525492
13615,17.883587
13616,18.489918
13617,17.726057
13618,18.434097
13619,17.685436
13620,22.666222
13621,23.94286
13622,21.517479
13623,22.26853
13624,21.129532
13625,21.628487
13626,20.587744
13627,20.949856
13628,19.930723
13629,20.26733
13630,19.663092
13631,19.861681
13632,19.355513
13633,19.349632
13634,19.224855
13635,19.117659
13636,18.89079
13637,18.67771
13638,18.65325
13639,18.373137
13640,18.555891
13641,18.128325
13642,18.352926
13643,17.77593
13644,18.267918
13645,17.707186
13646,18.24186
13647,17.561739
13648,18.23514
13649,17.54298
13650,20.819138
13651,21.570902
13652,19.651955
13653,20.181196
13654,19.314625
13655,19.638405
13656,18.980804
13657,19.191875
13658,18.777157
13659,18.982466
13660,18.66901
13661,18.790668
13662,18.495996
13663,18.471483
13664,18.342373
13665,18.234493
13666,18.18894
13667,18.040958
13668,18.115557
13669,17.906374
13670,18.145548
13671,17.820564
13672,18.145586
13673,17.729445
13674,18.111555
13675,17.688932
13676,18.100958
13677,17.63076
13678,18.243109
13679,17.70211
13680,25.297901
13681,28.042152
13682,23.773102
13683,25.719423
13684,23.119461
13685,24.75263
13686,22.69543
13687,23.87811
13688,21.828342
13689,22.636799
13690,21.366917
13691,21.85718
13692,20.86669
13693,21.056421
13694,20.41913
13695,20.412539
13696,20.138838
13697,20.055748
13698,19.682693
13699,19.46969
13700,19.286932
13701,18.919666
13702,18.948008
13703,18.369537
13704,18.84821
13705,18.152067
13706,18.845333
13707,18.018005
13708,18.742546
13709,17.674957
13710,24.218067
13711,25.953823
13712,22.624718
13713,23.838852
13714,22.0897
13715,22.871016
13716,21.5707
13717,22.001968
13718,20.860565
13719,21.212961
13720,20.512436
13721,20.748478
13722,20.048738
13723,20.086649
13724,19.827116
13725,19.723637
13726,19.406363
13727,19.204037
13728,18.941404
13729,18.659094
13730,18.844378
13731,18.402636
13732,18.637688
13733,17.999693
13734,18.525492
13735,17.862413
13736,18.489918
13737,17.704884
13738,18.434097
13739,17.664263
13740,22.666222
13741,23.94286
13742,21.5686
13743,22.26853
13744,21.159296
13745,21.628487
13746,20.60135
13747,20.949856
13748,19.968758
13749,20.26733
13750,19.658209
13751,19.861681
13752,19.35063
13753,19.349632
13754,19.219973
13755,19.117659
13756,18.89079
13757,18.67771
13758,18.65325
13759,18.373137
13760,18.555891
13761,18.128325
13762,18.372442
13763,17.774273
13764,18.287434
13765,17.705528
13766,18.261375
13767,17.560081
13768,18.254656
13769,17.541323
13770,20.7793
13771,21.570902
13772,19.615854
13773,20.181196
13774,19.278524
13775,19.638405
13776,18.994411
13777,19.191875
13778,18.815191
13779,18.982466
13780,18.664127
13781,18.790668
13782,18.51063
13783,18.491
13784,18.357006
13785,18.25401
13786,18.208456
13787,18.060474
13788,18.135073
13789,17.92589
13790,18.165064
13791,17.84008
13792,18.165102
13793,17.727787
13794,18.131071
13795,17.687275
13796,18.120474
13797,17.629103
13798,18.262625
13799,17.700453
13800,25.403238
13801,28.129086
13802,23.834202
13803,25.771067
13804,23.17416
13805,24.789167
13806,22.789818
13807,23.959616
13808,21.92273
13809,22.718304
13810,21.461304
13811,21.938684
13812,20.961077
13813,21.137926
13814,20.513517
13815,20.494043
13816,20.233225
13817,20.137253
13818,19.77708
13819,19.551195
13820,19.381319
13821,19.001171
13822,18.992975
13823,18.414505
13824,18.84821
13825,18.152067
13826,18.845333
13827,18.018005
13828,18.742546
13829,17.674957
13830,24.199465
13831,25.96893
13832,22.624718
13833,23.853958
13834,22.0897
13835,22.871016
13836,21.5707
13837,22.001968
13838,20.860565
13839,21.212961
13840,20.512436
13841,20.748478
13842,20.048738
13843,20.086649
13844,19.827116
13845,19.723637
13846,19.406363
13847,19.204037
13848,18.941404
13849,18.659094
13850,18.844378
13851,18.402636
13852,18.637688
13853,17.999693
13854,18.525492
13855,17.862413
13856,18.489918
13857,17.704884
13858,18.434097
13859,17.664263
13860,22.64762
13861,23.957966
13862,21.5686
13863,22.283636
13864,21.159296
13865,21.628487
13866,20.60135
13867,20.949856
13868,19.968758
13869,20.26733
13870,19.658209
13871,19.861681
13872,19.35063
13873,19.349632
13874,19.219973
13875,19.117659
13876,18.89079
13877,18.67771
13878,18.65325
13879,18.373137
13880,18.555891
13881,18.128325
13882,18.372442
13883,17.774273
13884,18.287434
13885,17.705528
13886,18.261375
13887,17.560081
13888,18.254656
13889,17.541323
13890,20.7974
13891,21.62271
13892,19.652555
13893,20.233004
13894,19.315226
13895,19.675106
13896,19.031113
13897,19.228577
13898,18.851892
13899,19.019167
13900,18.700829
13901,18.82737
13902,18.557455
13903,18.537825
13904,18.403831
13905,18.300835
13906,18.255281
13907,18.1073
13908,18.181898
13909,17.972715
13910,18.165064
13911,17.84008
13912,18.165102
13913,17.727787
13914,18.131071
13915,17.687275
13916,18.120474
13917,17.629103
13918,18.262625
13919,17.700453
13920,25.403238
13921,28.0565
13922,23.788473
13923,25.725338
13924,23.128431
13925,24.743439
13926,22.74409
13927,23.890656
13928,21.877
13929,22.649343
13930,21.420885
13931,21.898266
13932,20.920658
13933,21.097507
13934,20.473099
13935,20.453625
13936,20.192806
13937,20.096834
13938,19.736662
13939,19.510777
13940,19.3409
13941,18.960752
13942,18.998285
13943,18.419815
13944,18.84821
13945,18.152067
13946,18.845333
13947,18.018005
13948,18.742546
13949,17.674957
13950,24.199465
13951,25.998905
13952,22.590464
13953,23.853958
13954,22.0897
13955,22.871016
13956,21.5707
13957,22.001968
13958,20.860565
13959,21.212961
13960,20.512436
13961,20.748478
13962,20.048738
13963,20.086649
13964,19.827116
13965,19.723637
13966,19.365505
13967,19.16318
13968,18.900547
13969,18.618237
13970,18.80352
13971,18.361778
13972,18.59683
13973,17.958836
13974,18.484634
13975,17.821556
13976,18.44906
13977,17.664026
13978,18.39324
13979,17.623405
13980,22.51875
13981,23.955818
13982,21.534346
13983,22.283636
13984,21.159296
13985,21.628487
13986,20.60135
13987,20.949856
13988,19.9279
13989,20.226473
13990,19.617352
13991,19.820824
13992,19.309772
13993,19.308775
13994,19.179115
13995,19.076801
13996,18.849934
13997,18.636852
13998,18.612392
13999,18.33228
14000,18.515034
14001,18.087467
14002,18.331585
14003,17.733416
14004,18.246576
14005,17.66467
14006,18.220518
14007,17.519224
14008,18.213799
14009,17.500465
14010,20.66853
14011,21.686253
14012,19.618301
14013,20.233004
14014,19.315226
14015,19.675106
14016,19.031113
14017,19.228577
14018,18.811035
14019,18.97831
14020,18.659971
14021,18.786512
14022,18.516598
14023,18.496967
14024,18.362974
14025,18.259977
14026,18.214424
14027,18.066442
14028,18.14104
14029,17.931858
14030,18.124207
14031,17.799223
14032,18.124245
14033,17.68693
14034,18.090214
14035,17.646418
14036,18.079617
14037,17.588245
14038,18.221767
14039,17.659595
14040,25.334314
14041,27.862984
14042,23.874016
14043,25.723055
14044,23.1804
14045,24.756262
14046,22.705652
14047,23.890377
14048,21.891403
14049,22.690992
14050,21.431234
14051,21.921497
14052,20.931007
14053,21.120739
14054,20.429255
14055,20.41148
14056,20.14468
14057,20.050407
14058,19.794807
14059,19.570621
14060,19.419418
14061,19.020597
14062,19.091387
14063,18.491642
14064,18.981464
14065,18.264048
14066,18.978588
14067,18.129986
14068,18.952106
14069,17.786938
14070,24.30189
14071,25.953823
14072,22.624718
14073,23.838852
14074,22.0897
14075,22.871016
14076,21.5707
14077,22.001968
14078,20.900362
14079,21.252758
14080,20.552233
14081,20.788275
14082,20.088535
14083,20.126446
14084,19.877806
14085,19.75225
14086,19.45277
14087,19.228369
14088,19.054287
14089,18.7499
14090,18.95726
14091,18.493443
14092,18.75057
14093,18.111673
14094,18.638374
14095,17.974394
14096,18.6028
14097,17.816864
14098,18.54698
14099,17.776243
14100,22.656755
14101,23.94286
14102,21.517479
14103,22.26853
14104,21.129532
14105,21.628487
14106,20.587744
14107,20.949856
14108,19.97052
14109,20.307127
14110,19.702888
14111,19.901478
14112,19.39531
14113,19.38943
14114,19.275545
14115,19.146273
14116,18.937199
14117,18.702042
14118,18.766132
14119,18.463943
14120,18.668774
14121,18.219131
14122,18.517233
14123,17.918161
14124,18.432224
14125,17.849417
14126,18.406166
14127,17.70397
14128,18.399446
14129,17.685211
14130,20.95553
14131,21.639011
14132,19.651955
14133,20.174795
14134,19.314625
14135,19.632004
14136,18.980804
14137,19.185474
14138,18.816954
14139,19.015862
14140,18.708807
14141,18.824064
14142,18.587217
14143,18.556303
14144,18.433594
14145,18.30813
14146,18.275879
14147,18.116714
14148,18.26897
14149,18.048605
14150,18.298962
14151,17.962795
14152,18.299
14153,17.871675
14154,18.264969
14155,17.831163
14156,18.254372
14157,17.772991
14158,18.396523
14159,17.844341
14160,25.350388
14161,28.042152
14162,23.852121
14163,25.73169
14164,23.158506
14165,24.764896
14166,22.69543
14167,23.890377
14168,21.882536
14169,22.690992
14170,21.42111
14171,21.911373
14172,20.920883
14173,21.110615
14174,20.41913
14175,20.412539
14176,20.138838
14177,20.055748
14178,19.682693
14179,19.46969
14180,19.307304
14181,18.919666
14182,18.96838
14183,18.39071
14184,18.868582
14185,18.17324
14186,18.865705
14187,18.039179
14188,18.762918
14189,17.69613
14190,24.289461
14191,25.953823
14192,22.624718
14193,23.838852
14194,22.0897
14195,22.871016
14196,21.5707
14197,22.001968
14198,20.860565
14199,21.212961
14200,20.512436
14201,20.748478
14202,20.048738
14203,20.086649
14204,19.827116
14205,19.723637
14206,19.406363
14207,19.204037
14208,18.941404
14209,18.659094
14210,18.844378
14211,18.402636
14212,18.637688
14213,18.020866
14214,18.525492
14215,17.883587
14216,18.489918
14217,17.726057
14218,18.434097
14219,17.685436
14220,22.666222
14221,23.94286
14222,21.517479
14223,22.26853
14224,21.129532
14225,21.628487
14226,20.587744
14227,20.949856
14228,19.930723
14229,20.26733
14230,19.663092
14231,19.861681
14232,19.355513
14233,19.349632
14234,19.224855
14235,19.117659
14236,18.89079
14237,18.67771
14238,18.65325
14239,18.373137
14240,18.555891
14241,18.128325
14242,18.352926
14243,17.77593
14244,18.267918
14245,17.707186
14246,18.24186
14247,17.561739
14248,18.23514
14249,17.54298
14250,20.819138
14251,21.570902
14252,19.651955
14253,20.181196
14254,19.314625
14255,19.638405
14256,18.980804
14257,19.191875
14258,18.777157
14259,18.982466
14260,18.66901
14261,18.790668
14262,18.495996
14263,18.471483
14264,18.342373
14265,18.234493
14266,18.18894
14267,18.040958
14268,18.115557
14269,17.906374
14270,18.145548
14271,17.820564
14272,18.145586
14273,17.729445
14274,18.111555
14275,17.688932
14276,18.100958
14277,17.63076
14278,18.243109
14279,17.70211
14280,25.297901
14281,28.042152
14282,23.773102
14283,25.719423
14284,23.119461
14285,24.75263
14286,22.69543
14287,23.87811
14288,21.828342
14289,22.636799
14290,21.366917
14291,21.85718
14292,20.86669
14293,21.056421
14294,20.41913
14295,20.412539
14296,20.138838
14297,20.055748
14298,19.682693
14299,19.46969
14300,19.286932
14301,18.919666
14302,18.948008
14303,18.369537
14304,18.84821
14305,18.152067
14306,18.845333
14307,18.018005
14308,18.742546
14309,17.674957
14310,24.218067
14311,25.953823
14312,22.624718
14313,23.838852
14314,22.0897
14315,22.871016
14316,21.5707
14317,22.001968
14318,20.860565
14319,21.212961
14320,20.512436
14321,20.748478
14322,20.048738
14323,20.086649
14324,19.827116
14325,19.723637
14326,19.406363
14327,19.204037
14328,18.941404
14329,18.659094
14330,18.844378
14331,18.402636
14332,18.637688
14333,17.999693
14334,18.525492
14335,17.862413
14336,18.489918
14337,17.704884
14338,18.434097
14339,17.664263
14340,22.666222
14341,23.94286
14342,21.5686
14343,22.26853
14344,21.159296
14345,21.628487
14346,20.60135
14347,20.949856
14348,19.968758
14349,20.26733
14350,19.658209
14351,19.861681
14352,19.35063
14353,19.349632
14354,19.219973
14355,19.117659
14356,18.89079
14357,18.67771
14358,18.65325
14359,18.373137
14360,18.555891
14361,18.128325
14362,18.372442
14363,17.774273
14364,18.287434
14365,17.705528
14366,18.261375
14367,17.560081
14368,18.254656
14369,17.541323
14370,20.7793
14371,21.570902
14372,19.615854
14373,20.181196
14374,19.278524
14375,19.638405
14376,18.994411
14377,19.191875
14378,18.815191
14379,18.982466
14380,18.664127
14381,18.790668
14382,18.51063
14383,18.491
14384,18.357006
14385,18.25401
14386,18.208456
14387,18.060474
14388,18.135073
14389,17.92589
14390,18.165064
14391,17.84008
14392,18.165102
14393,17.727787
14394,18.131071
14395,17.687275
14396,18.120474
14397,17.629103
14398,18.262625
14399,17.700453
14400,25.403238
14401,28.129086
14402,23.834202
14403,25.771067
14404,23.17416
14405,24.789167
14406,22.789818
14407,23.959616
14408,21.92273
14409,22.718304
14410,21.461304
14411,21.938684
14412,20.961077
14413,21.137926
14414,20.513517
14415,20.494043
14416,20.233225
14417,20.137253
14418,19.77708
14419,19.551195
14420,19.381319
14421,19.001171
14422,18.992975
14423,18.414505
14424,18.84821
14425,18.152067
14426,18.845333
14427,18.018005
14428,18.742546
14429,17.674957
14430,24.199465
14431,25.96893
14432,22.624718
14433,23.853958
14434,22.0897
14435,22.871016
14436,21.5707
14437,22.001968
14438,20.860565
14439,21.212961
14440,20.512436
14441,20.748478
14442,20.048738
14443,20.086649
14444,19.827116
14445,19.723637
14446,19.406363
14447,19.204037
14448,18.941404
14449,18.659094
14450,18.844378
14451,18.402636
14452,18.637688
14453,17.999693
14454,18.525492
14455,17.862413
14456,18.489918
14457,17.704884
14458,18.434097
14459,17.664263
14460,22.64762
14461,23.957966
14462,21.5686
14463,22.283636
14464,21.159296
14465,21.628487
14466,20.60135
14467,20.949856
14468,19.968758
14469,20.26733
14470,19.658209
14471,19.861681
14472,19.35063
14473,19.349632
14474,19.219973
14475,19.117659
14476,18.89079
14477,18.67771
14478,18.65325
14479,18.373137
14480,18.555891
14481,18.128325
14482,18.372442
14483,17.774273
14484,18.287434
14485,17.705528
14486,18.261375
14487,17.560081
14488,18.254656
14489,17.541323
14490,20.7974
14491,21.62271
14492,19.652555
14493,20.233004
14494,19.315226
14495,19.675106
14496,19.031113
14497,19.228577
14498,18.851892
14499,19.019167
14500,18.700829
14501,18.82737
14502,18.557455
14503,18.537825
14504,18.403831
14505,18.300835
14506,18.255281
14507,18.1073
14508,18.181898
14509,17.972715
14510,18.165064
14511,17.84008
14512,18.165102
14513,17.727787
14514,18.131071
14515,17.687275
14516,18.120474
14517,17.629103
14518,18.262625
14519,17.700453
14520,25.403238
14521,28.0565
14522,23.788473
14523,25.725338
14524,23.128431
14525,24.743439
14526,22.74409
14527,23.890656
14528,21.877
14529,22.649343
14530,21.420885
14531,21.898266
14532,20.920658
14533,21.097507
14534,20.473099
14535,20.453625
14536,20.192806
14537,20.096834
14538,19.736662
14539,19.510777
14540,19.3409
14541,18.960752
14542,18.998285
14543,18.419815
14544,18.84821
14545,18.152067
14546,18.845333
14547,18.018005
14548,18.742546
14549,17.674957
14550,24.199465
14551,25.998905
14552,22.590464
14553,23.853958
14554,22.0897
14555,22.871016
14556,21.5707
14557,22.001968
14558,20.860565
14559,21.212961
14560,20.512436
14561,20.748478
14562,20.048738
14563,20.086649
14564,19.827116
14565,19.723637
14566,19.365505
14567,19.16318
14568,18.900547
14569,18.618237
14570,18.80352
14571,18.361778
14572,18.59683
14573,17.958836
14574,18.484634
14575,17.821556
14576,18.44906
14577,17.664026
14578,18.39324
14579,17.623405
14580,22.51875
14581,23.955818
14582,21.534346
14583,22.283636
14584,21.159296
14585,21.628487
14586,20.60135
14587,20.949856
14588,19.9279
14589,20.226473
14590,19.617352
14591,19.820824
14592,19.309772
14593,19.308775
14594,19.179115
14595,19.076801
14596,18.849934
14597,18.636852
14598,18.612392
14599,18.33228
14600,18.515034
14601,18.087467
14602,18.331585
14603,17.733416
14604,18.246576
14605,17.66467
14606,18.220518
14607,17.519224
14608,18.213799
14609,17.500465
14610,20.66853
14611,21.686253
14612,19.618301
14613,20.233004
14614,19.315226
14615,19.675106
14616,19.031113
14617,19.228577
14618,18.811035
14619,18.97831
14620,18.659971
14621,18.786512
14622,18.516598
14623,18.496967
14624,18.362974
14625,18.259977
14626,18.214424
14627,18.066442
14628,18.14104
14629,17.931858
14630,18.124207
14631,17.799223
14632,18.124245
14633,17.68693
14634,18.090214
14635,17.646418
14636,18.079617
14637,17.588245
14638,18.221767
14639,17.659595
14640,25.334314
14641,27.862984
14642,23.874016
14643,25.723055
14644,23.1804
14645,24.756262
14646,22.705652
14647,23.890377
14648,21.891403
14649,22.690992
14650,21.431234
14651,21.921497
14652,20.931007
14653,21.120739
14654,20.429255
14655,20.41148
14656,20.14468
14657,20.050407
14658,19.794807
14659,19.570621
14660,19.419418
14661,19.020597
14662,19.091387
14663,18.491642
14664,18.981464
14665,18.264048
14666,18.978588
14667,18.129986
14668,18.952106
14669,17.786938
14670,24.30189
14671,25.953823
14672,22.624718
14673,23.838852
14674,22.0897
14675,22.871016
14676,21.5707
14677,22.001968
14678,20.900362
14679,21.252758
14680,20.552233
14681,20.788275
14682,20.088535
14683,20.126446
14684,19.877806
14685,19.75225
14686,19.45277
14687,19.228369
14688,19.054287
14689,18.7499
14690,18.95726
14691,18.493443
14692,18.75057
14693,18.111673
14694,18.638374
14695,17.974394
14696,18.6028
14697,17.816864
14698,18.54698
14699,17.776243
14700,22.656755
14701,23.94286
14702,21.517479
14703,22.26853
14704,21.129532
14705,21.628487
14706,20.587744
14707,20.949856
14708,19.97052
14709,20.307127
14710,19.702888
14711,19.901478
14712,19.39531
14713,19.38943
14714,19.275545
14715,19.146273
14716,18.937199
14717,18.702042
14718,18.766132
14719,18.463943
14720,18.668774
14721,18.219131
14722,18.517233
14723,17.918161
14724,18.432224
14725,17.849417
14726,18.406166
14727,17.70397
14728,18.399446
14729,17.685211
14730,20.95553
14731,21.639011
14732,19.651955
14733,20.174795
14734,19.314625
14735,19.632004
14736,18.980804
14737,19.185474
14738,18.816954
14739,19.015862
14740,18.708807
14741,18.824064
14742,18.587217
14743,18.556303
14744,18.433594
14745,18.30813
14746,18.275879
14747,18.116714
14748,18.26897
14749,18.048605
14750,18.298962
14751,17.962795
14752,18.299
14753,17.871675
14754,18.264969
14755,17.831163
14756,18.254372
14757,17.772991
14758,18.396523
14759,17.844341
14760,25.350388
14761,28.042152
14762,23.852121
14763,25.73169
14764,23.158506
14765,24.764896
14766,22.69543
14767,23.890377
14768,21.882536
14769,22.690992
14770,21.42111
14771,21.911373
14772,20.920883
14773,21.110615
14774,20.41913
14775,20.412539
14776,20.138838
14777,20.055748
14778,19.682693
14779,19.46969
14780,19.307304
14781,18.919666
14782,18.96838
14783,18.39071
14784,18.868582
14785,18.17324
14786,18.865705
14787,18.039179
14788,18.762918
14789,17.69613
14790,24.289461
14791,25.953823
14792,22.624718
14793,23.838852
14794,22.0897
14795,22.871016
14796,21.5707
14797,22.001968
14798,20.860565
14799,21.212961
14800,20.512436
14801,20.748478
14802,20.048738
14803,20.086649
14804,19.827116
14805,19.723637
14806,19.406363
14807,19.204037
14808,18.941404
14809,18.659094
14810,18.844378
14811,18.402636
14812,18.637688
14813,18.020866
14814,18.525492
14815,17.883587
14816,18.489918
14817,17.726057
14818,18.434097
14819,17.685436
14820,22.666222
14821,23.94286
14822,21.517479
14823,22.26853
14824,21.129532
14825,21.628487
14826,20.587744
14827,20.949856
14828,19.930723
14829,20.26733
14830,19.663092
14831,19.861681
14832,19.355513
14833,19.349632
14834,19.224855
14835,19.117659
14836,18.89079
14837,18.67771
14838,18.65325
14839,18.373137
14840,18.555891
14841,18.128325
14842,18.352926
14843,17.77593
14844,18.267918
14845,17.707186
14846,18.24186
14847,17.561739
14848,18.23514
14849,17.54298
14850,20.819138
14851,21.570902
14852,19.651955
14853,20.181196
14854,19.314625
14855,19.638405
14856,18.980804
14857,19.191875
14858,18.777157
14859,18.982466
14860,18.66901
14861,18.790668
14862,18.495996
14863,18.471483
14864,18.342373
14865,18.234493
14866,18.18894
14867,18.040958
14868,18.115557
14869,17.906374
14870,18.145548
14871,17.820564
14872,18.145586
14873,17.729445
14874,18.111555
14875,17.688932
14876,18.100958
14877,17.63076
14878,18.243109
14879,17.70211
14880,25.297901
14881,28.042152
14882,23.773102
14883,25.719423
14884,23.119461
14885,24.75263
14886,22.69543
14887,23.87811
14888,21.828342
14889,22.636799
14890,21.366917
14891,21.85718
14892,20.86669
14893,21.056421
14894,20.41913
14895,20.412539
14896,20.138838
14897,20.055748
14898,19.682693
14899,19.46969
14900,19.286932
14901,18.919666
14902,18.948008
14903,18.369537
14904,18.84821
14905,18.152067
14906,18.845333
14907,18.018005
14908,18.742546
14909,17.674957
14910,24.218067
14911,25.953823
14912,22.624718
14913,23.838852
14914,22.0897
14915,22.871016
14916,21.5707
14917,22.001968
14918,20.860565
14919,21.212961
14920,20.512436
14921,20.748478
14922,20.048738
14923,20.086649
14924,19.827116
14925,19.723637
14926,19.406363
14927,19.204037
14928,18.941404
14929,18.659094
14930,18.844378
14931,18.402636
14932,18.637688
14933,17.999693
14934,18.525492
14935,17.862413
14936,18.489918
14937,17.704884
14938,18.434097
14939,17.664263
14940,22.666222
14941,23.94286
14942,21.5686
14943,22.26853
14944,21.159296
14945,21.628487
14946,20.60135
14947,20.949856
14948,19.968758
14949,20.26733
14950,19.658209
14951,19.861681
14952,19.35063
14953,19.349632
14954,19.219973
14955,19.117659
14956,18.89079
14957,18.67771
14958,18.65325
14959,18.373137
14960,18.555891
14961,18.128325
14962,18.372442
14963,17.774273
14964,18.287434
14965,17.705528
14966,18.261375
14967,17.560081
14968,18.254656
14969,17.541323
14970,20.7793
14971,21.570902
14972,19.615854
14973,20.181196
14974,19.278524
14975,19.638405
14976,18.994411
14977,19.191875
14978,18.815191
14979,18.982466
14980,18.664127
14981,18.790668
14982,18.51063
14983,18.491
14984,18.357006
14985,18.25401
14986,18.208456
14987,18.060474
14988,18.135073
14989,17.92589
14990,18.165064
14991,17.84008
14992,18.165102
14993,17.727787
14994,18.131071
14995,17.687275
14996,18.120474
14997,17.629103
14998,18.262625
14999,17.700453
15000,25.403238
15001,28.129086
15002,23.834202
15003,25.771067
15004,23.17416
15005,24.789167
15006,22.789818
15007,23.959616
15008,21.92273
15009,22.718304
15010,21.461304
15011,21.938684
15012,20.961077
15013,21.137926
15014,20.513517
15015,20.494043
15016,20.233225
15017,20.137253
15018,19.77708
15019,19.551195
15020,19.381319
15021,19.001171
15022,18.992975
15023,18.414505
15024,18.84821
15025,18.152067
15026,18.845333
15027,18.018005
15028,18.742546
15029,17.674957
15030,24.199465
15031,25.96893
15032,22.624718
15033,23.853958
15034,22.0897
15035,22.871016
15036,21.5707
15037,22.001968
15038,20.860565
15039,21.212961
15040,20.512436
15041,20.748478
15042,20.048738
15043,20.086649
15044,19.827116
15045,19.723637
15046,19.406363
15047,19.204037
15048,18.941404
15049,18.659094
15050,18.844378
15051,18.402636
15052,18.637688
15053,17.999693
15054,18.525492
15055,17.862413
15056,18.489918
15057,17.704884
15058,18.434097
15059,17.664263
15060,22.64762
15061,23.957966
15062,21.5686
15063,22.283636
15064,21.159296
15065,21.628487
15066,20.60135
15067,20.949856
15068,19.968758
15069,20.26733
15070,19.658209
15071,19.861681
15072,19.35063
15073,19.349632
15074,19.219973
15075,19.117659
15076,18.89079
15077,18.67771
15078,18.65325
15079,18.373137
15080,18.555891
15081,18.128325
15082,18.372442
15083,17.774273
15084,18.287434
15085,17.705528
15086,18.261375
15087,17.560081
15088,18.254656
15089,17.541323
15090,20.7974
15091,21.62271
15092,19.652555
15093,20.233004
15094,19.315226
15095,19.675106
15096,19.031113
15097,19.228577
15098,18.851892
15099,19.019167
15100,18.700829
15101,18.82737
15102,18.557455
15103,18.537825
15104,18.403831
15105,18.300835
15106,18.255281
15107,18.1073
15108,18.181898
15109,17.972715
15110,18.165064
15111,17.84008
15112,18.165102
15113,17.727787
15114,18.131071
15115,17.687275
15116,18.120474
15117,17.629103
15118,18.262625
15119,17.700453
15120,25.403238
15121,28.0565
15122,23.788473
15123,25.725338
15124,23.128431
15125,24.743439
15126,22.74409
15127,23.890656
15128,21.877
15129,22.649343
15130,21.420885
15131,21.898266
15132,20.920658
15133,21.097507
15134,20.473099
15135,20.453625
15136,20.192806
15137,20.096834
15138,19.736662
15139,19.510777
15140,19.3409
15141,18.960752
15142,18.998285
15143,18.419815
15144,18.84821
15145,18.152067
15146,18.845333
15147,18.018005
15148,18.742546
15149,17.674957
15150,24.199465
15151,25.998905
15152,22.590464
15153,23.853958
15154,22.0897
15155,22.871016
15156,21.5707
15157,22.001968
15158,20.860565
15159,21.212961
15160,20.512436
15161,20.748478
15162,20.048738
15163,20.086649
15164,19.827116
15165,19.723637
15166,19.365505
15167,19.16318
15168,18.900547
15169,18.618237
15170,18.80352
15171,18.361778
15172,18.59683
15173,17.958836
15174,18.484634
15175,17.821556
15176,18.44906
15177,17.664026
15178,18.39324
15179,17.623405
15180,22.51875
15181,23.955818
15182,21.534346
15183,22.283636
15184,21.159296
15185,21.628487
15186,20.60135
15187,20.949856
15188,19.9279
15189,20.226473
15190,19.617352
15191,19.820824
15192,19.309772
15193,19.308775
15194,19.179115
15195,19.076801
15196,18.849934
15197,18.636852
15198,18.612392
15199,18.33228
15200,18.515034
15201,18.087467
15202,18.331585
15203,17.733416
15204,18.246576
15205,17.66467
15206,18.220518
15207,17.519224
15208,18.213799
15209,17.500465
15210,20.66853
15211,21.686253
15212,19.618301
15213,20.233004
15214,19.315226
15215,19.675106
15216,19.031113
15217,19.228577
15218,18.811035
15219,18.97831
15220,18.659971
15221,18.786512
15222,18.516598
15223,18.496967
15224,18.362974
15225,18.259977
15226,18.214424
15227,18.066442
15228,18.14104
15229,17.931858
15230,18.124207
15231,17.799223
15232,18.124245
15233,17.68693
15234,18.090214
15235,17.646418
15236,18.079617
15237,17.588245
15238,18.221767
15239,17.659595
15240,25.334314
15241,27.862984
15242,23.874016
15243,25.723055
15244,23.1804
15245,24.756262
15246,22.705652
15247,23.890377
15248,21.891403
15249,22.690992
15250,21.431234
15251,21.921497
15252,20.931007
15253,21.120739
15254,20.429255
15255,20.41148
15256,20.14468
15257,20.050407
15258,19.794807
15259,19.570621
15260,19.419418
15261,19.020597
15262,19.091387
15263,18.491642
15264,18.981464
15265,18.264048
15266,18.978588
15267,18.129986
15268,18.952106
15269,17.786938
15270,24.30189
15271,25.953823
15272,22.624718
15273,23.838852
15274,22.0897
15275,22.871016
15276,21.5707
15277,22.001968
15278,20.900362
15279,21.252758
15280,20.552233
15281,20.788275
15282,20.088535
15283,20.126446
15284,19.877806
15285,19.75225
15286,19.45277
15287,19.228369
15288,19.054287
15289,18.7499
15290,18.95726
15291,18.493443
15292,18.75057
15293,18.111673
15294,18.638374
15295,17.974394
15296,18.6028
15297,17.816864
15298,18.54698
15299,17.776243
15300,22.656755
15301,23.94286
15302,21.517479
15303,22.26853
15304,21.129532
15305,21.628487
15306,20.587744
15307,20.949856
15308,19.97052
15309,20.307127
15310,19.702888
15311,19.901478
15312,19.39531
15313,19.38943
15314,19.275545
15315,19.146273
15316,18.937199
15317,18.702042
15318,18.766132
15319,18.463943
15320,18.668774
15321,18.219131
15322,18.517233
15323,17.918161
15324,18.432224
15325,17.849417
15326,18.406166
15327,17.70397
15328,18.399446
15329,17.685211
15330,20.95553
15331,21.639011
15332,19.651955
15333,20.174795
15334,19.314625
15335,19.632004
15336,18.980804
15337,19.185474
15338,18.816954
15339,19.015862
15340,18.708807
15341,18.824064
15342,18.587217
15343,18.556303
15344,18.433594
15345,18.30813
15346,18.275879
15347,18.116714
15348,18.26897
15349,18.048605
15350,18.298962
15351,17.962795
15352,18.299
15353,17.871675
15354,18.264969
15355,17.831163
15356,18.254372
15357,17.772991
15358,18.396523
15359,17.844341
15360,25.350388
15361,28.042152
15362,23.852121
15363,25.73169
15364,23.158506
15365,24.764896
15366,22.69543
15367,23.890377
15368,21.882536
15369,22.690992
15370,21.42111
15371,21.911373
15372,20.920883
15373,21.110615
15374,20.41913
15375,20.412539
15376,20.138838
15377,20.055748
15378,19.682693
15379,19.46969
15380,19.307304
15381,18.919666
15382,18.96838
15383,18.39071
15384,18.868582
15385,18.17324
15386,18.865705
15387,18.039179
15388,18.762918
15389,17.69613
15390,24.289461
15391,25.953823
15392,22.624718
15393,23.838852
15394,22.0897
15395,22.871016
15396,21.5707
15397,22.001968
15398,20.860565
15399,21.212961
15400,20.512436
15401,20.748478
15402,20.048738
15403,20.086649
15404,19.827116
15405,19.723637
15406,19.406363
15407,19.204037
15408,18.941404
15409,18.659094
15410,18.844378
15411,18.402636
15412,18.637688
15413,18.020866
15414,18.525492
15415,17.883587
15416,18.489918
15417,17.726057
15418,18.434097
15419,17.685436
15420,22.666222
15421,23.94286
15422,21.517479
15423,22.26853
15424,21.129532
15425,21.628487
15426,20.587744
15427,20.949856
15428,19.930723
15429,20.26733
15430,19.663092
15431,19.861681
15432,19.355513
15433,19.349632
15434,19.224855
15435,19.117659
15436,18.89079
15437,18.67771
15438,18.65325
15439,18.373137
15440,18.555891
15441,18.128325
15442,18.352926
15443,17.77593
15444,18.267918
15445,17.707186
15446,18.24186
15447,17.561739
15448,18.23514
15449,17.54298
15450,20.819138
15451,21.570902
15452,19.651955
15453,20.181196
15454,19.314625
15455,19.638405
15456,18.980804
15457,19.191875
15458,18.777157
15459,18.982466
15460,18.66901
15461,18.790668
15462,18.495996
15463,18.471483
15464,18.342373
15465,18.234493
15466,18.18894
15467,18.040958
15468,18.115557
15469,17.906374
15470,18.145548
15471,17.820564
15472,18.145586
15473,17.729445
15474,18.111555
15475,17.688932
15476,18.100958
15477,17.63076
15478,18.243109
15479,17.70211
15480,25.297901
15481,28.042152
15482,23.773102
15483,25.719423
15484,23.119461
15485,24.75263
15486,22.69543
15487,23.87811
15488,21.828342
15489,22.636799
15490,21.366917
15491,21.85718
15492,20.86669
15493,21.056421
15494,20.41913
15495,20.412539
15496,20.138838
15497,20.055748
15498,19.682693
15499,19.46969
15500,19.286932
15501,18.919666
15502,18.948008
15503,18.369537
15504,18.84821
15505,18.152067
15506,18.845333
15507,18.018005
15508,18.742546
15509,17.674957
15510,24.218067
15511,25.953823
15512,22.624718
15513,23.838852
15514,22.0897
15515,22.871016
15516,21.5707
15517,22.001968
15518,20.860565
15519,21.212961
15520,20.512436
15521,20.748478
15522,20.048738
15523,20.086649
15524,19.827116
15525,19.723637
15526,19.406363
15527,19.204037
15528,18.941404
15529,18.659094
15530,18.844378
15531,18.402636
15532,18.637688
15533,17.999693
15534,18.525492
15535,17.862413
15536,18.489918
15537,17.704884
15538,18.434097
15539,17.664263
15540,22.666222
15541,23.94286
15542,21.5686
15543,22.26853
15544,21.159296
15545,21.628487
15546,20.60135
15547,20.949856
15548,19.968758
15549,20.26733
15550,19.658209
15551,19.861681
15552,19.35063
15553,19.349632
15554,19.219973
15555,19.117659
15556,18.89079
15557,18.67771
15558,18.65325
15559,18.373137
15560,18.555891
15561,18.128325
15562,18.372442
15563,17.774273
15564,18.287434
15565,17.705528
15566,18.261375
15567,17.560081
15568,18.254656
15569,17.541323
15570,20.7793
15571,21.570902
15572,19.615854
15573,20.181196
15574,19.278524
15575,19.638405
15576,18.994411
15577,19.191875
15578,18.815191
15579,18.982466
15580,18.664127
15581,18.790668
15582,18.51063
15583,18.491
15584,18.357006
15585,18.25401
15586,18.208456
15587,18.060474
15588,18.135073
15589,17.92589
15590,18.165064
15591,17.84008
15592,18.165102
15593,17.727787
15594,18.131071
15595,17.687275
15596,18.120474
15597,17.629103
15598,18.262625
15599,17.700453
